English,Japanese,ChineseSimplified,ChineseTraditional,Turkish,Korean,French,Spanish,German,Thai,Arabic,Czech,Danish,Dutch,Esperanto,Finnish,Hindi,Hungarian,Italian,Klingon,Norwegian,Persian,Polish,Portuguese,Russian,Swedish
2g1c,g スポット,13点,13點,amcığa,강간,baiser,Asesinato,analritter,กระดอ,سكس,bordel,anus,aardappels afgieteng,bugren,alfred nussi,aand,balfasz,allupato,ghuy'cha',drittsekk,آب کیر,burdel,aborto,bychara,arsle
2 girls 1 cup,s ＆ m,三级片,三級片,amcığı,개새끼,bander,asno,arsch,กระเด้า,طيز,buzna,bøsserøv,achter het raam zitten,bugri,bylsiä,aandu,balfaszok,ammucchiata,QI'yaH,faen i helvete,ارگاسم,burdelmama,amador,byk,brutta
acrotomophilia,sm,下三烂,下三爛,amcığın,개자식,bigornette,bastardo,arschficker,กระหรี่,شرج,čumět,cock,afberen,bugru,haahka,balatkar,balfaszokat,anale,Qu'vatlh,fitte,برهنه,chuj,ânus,chernozhopyi,discofitta
alabama hot pocket,sm女王,下贱,下賤,amcık,개좆,bite,Bollera,arschlecker,กะปิ,لعق,čurák,fisse,aflebberen,ĉiesulino,haista paska,beti chod,balfaszt,arrapato,,jævla,پورن,chujnia,aranha,dolboy'eb,dra åt helvete
alaskan pipeline,xx,个老子的,個老子的,amcıklar,개차반,bitte,Cabron,arschloch,กู,لحس,debil,fissehår,afrossen,ĉiesulo,haista vittu,bhadva,barmok,arrusa,,kuk,پورنو,ciota,ariano,ebalnik,fan
anal,アジアのかわいい女の子,九游,九遊,amcıklara,거유,bloblos,Cabrón,bimbo,ขี้,مص,do piče,fuck,afrukken,diofek,hatullinen,bhadve,barmokat,arruso,,kukene,تجاوز,cipa,balalao,ebalo,fitta
anilingus,アスホール,乳,乳,amcıklarda,계집년,bordel,Caca,bratze,ควย,تمص,do prdele,hestepik,aftrekken,diofeka,helvetisti,bhandve,barmot,assatanato,,kuker,تخمی,cyc,bastardo,ebalom sch'elkat,fittig
anus,アナリングス,乳交,乳交,amcıklardan,고자,bosser,Chupada,bumsen,จิ๋ม,بيضان,dršťka,kussekryller,afwerkplaats,fek,hevonkuusi,bhootni ke,barom,bagascia,,nigger,جق,debil,bicha,gol,för helvete
apeshit,アナル,乳头,乳頭,amcıkları,근친,bourré,Chupapollas,bonze,จู๋,ثدي,držka,lort,afzeiken,feken,hevonpaska,bhosad,baszik,bagassa,,pikk,جقی,dmuchać,biscate,mudack,helvete
arsehole,いたずら,乳房,乳房,amcıkların,노모,bourrée,Chupetón,dödel,เจ๊ก,بز,flundra,luder,afzuigen,fekfikanto,hevonperse,bhosadi ke,bazmeg,bagnarsi,,sotrør,جلق,do kurwy nędzy,bissexual,opizdenet,hård
ass,イラマチオ,乳波臀浪,乳波臀浪,amcıkta,니기미,brackmard,concha,fick,เจี๊ยว,بزاز,hajzl,pik,anderhalve man en een paardekop,feklekulo,hevonvittu,boobe,buksza,baldracca,,ståpikk,جنده,dupa,boceta,osto'eblo,jävlar
asshole,ウェブカメラ,交配,交配,amcıktan,뒤질래,branlage,Concha de tu madre,ficken,ดอกทอง,حلمة,hovno,pikhår,anita,fekulo,hevonvitunperse,chakke,bukszák,balle,,ståpikkene,چوچول,dupek,boob,ostokhuitel'no,knulla
assmunch,エクスタシー,仆街,仆街,amı,딸딸이,branler,Coño,flittchen,ตอแหล,مفلقسة,chcanky,pikslugeri,asbak,fik,hitosti,chinaal,bukszákat,battere,,ståpikker,حشر,duperele,bosta,ot'ebis,kuk
auto erotic,エスコート,他奶奶,他奶奶,amlar,때씹,branlette,Coprofagía,fotze,ตูด,بظر,chuj,piksutteri,aso,fikado,hitto,chinki,bukszát,battona,,,حشری,dziwka,braulio de borracha,otmudohat,kuksås
autoerotic,エッチ,他奶奶的,他奶奶的,çingene,또라이,branleur,Culo,fratze,น้ําแตก,كس,jebat,pis,bagger schijten,fikema,huorata,chod,búr,belino,,,داف,fiut,bumbum,otpizdit,kötthuvud
babeland,エロティズム,他奶娘的,他奶娘的,Çingenede,뙤놈,branleuse,Drogas,hackfresse,มึง,فرج,kokot,røv,balen,fikfek,hässiä,chodu,búrok,biga,,,دودول,gówno,burro,otsosi,köttnacke
baby batter,エロティック,他妈,他媽,Çingeneden,로리타,brouter le cresson,Esperma,hure,แม่ง,شهوة,kokotina,røvhul,bedonderen,fiki,juosten kustu,chodu bhagat,csöcs,bocchinara,,,ساک زدن,gówno prawda,cabrao,padlo,moona
baby juice,オーガズム,他妈ㄉ王八蛋,他媽ㄉ王八蛋,Çingeneler,망가,caca,Fiesta de salchichas,hurensohn,เย็ด,شاذ,koňomrd,røvskæg,befborstelg,fikiĝi,jutku,chooche,csöcsök,bocchino,,,سکس,huj,cacete,pedik,moonade
ball gag,オカマ,他妈地,他媽地,Çingenelerde,몰카,cailler,Follador,ische,รูตูด,مبادل,kunda,røvspræke,beffen,fikiĝu,jutsku,choochi,csöcsöket,bofilo,,,سکس کردن,jajco,cagar,perdet,moonar
ball gravy,おしっこ,他妈的,他媽的,Çingenelerden,미친,chatte,Follar,kackbratze,ล้างตู้เย็น,عاهرة,kurva,shit,bekken,fikilo,jätkä,choot,csöcsöt,boiata,,,سکسی,jajeczko,camisinha,petuh,moonat
ball kicking,おしり,他娘,他娘,Çingenelere,미친새끼,chiasse,Gilipichis,kacke,ส้นตีน,جماع,mamrd,,belazeren,fikklaŭno,kananpaska,choot ke baal,fasz,bordello,,,سوپر,jajko,caralho,pidar gnoinyj,mutta
ball licking,オシリ,他马的,他馬的,Çingeneleri,바바리맨,chier,Gilipollas,kacken,สัด,قضيب,mrdat,,besodemieterd zijn,fikota,koiranpaska,chootia,faszfej,brinca,,,شق کردن,jajo,cerveja,pizda,nigger
ball sack,おしりのあな,你个傻比,你個傻比,Çingenelerin,변태,chiottes,Hacer una paja,kackwurst,เสือก,زب,mrdka,,besodemieteren,fiku,kuin esterin perseestä,chootiya,faszfejek,bucaiolo,,,شهوت,ja pierdolę,chochota,pizdato,neger
ball sucking,おっぱい,你他马的,你他馬的,Çingenenin,병신,clito,Haciendo el amor,kampflesbe,หญิงชาติชั่ว,لوطي,mrdník,,beurt,forfiki,kulli,chuche,faszfejeket,budiùlo,,,شهوتی,jebać,chupar,pizdatyi,olla
bangbros,オッパイ,你全家,你全家,Çingeneye,보지,clitoris,Heroína,kanake,หลั่ง,لواط,oslošoust,,boemelen,forfikiĝu,kullinluikaus,chuchi,faszfejet,buona donna,,,شونبول,jebany,clitoris,piz'det,pippa
bareback,オナニー,你奶奶的,你奶奶的,Çingeneyi,불알,con,Hija de puta,kimme,ห่า,سحاق,piča,,boerelul,forfiku,kuppainen,chudai khanaa,faszok,busone,,,فیلم سوپر,kurwa,cocaína,pizdetc,pitt
barely legal,オマンコ,你她马的,你她馬的,göt,빠구리,connard,Hijaputa,lümmel,หํา,سحاقية,píčus,,boerenpummelg,forfurzu,kusaista,chudan chudai,faszokat,cacca,,,کس,kurwy,colhoes,pizdoi nakryt'sja,prutt
barenaked,おもらし,你妈,你媽,göte,사까시,connasse,Hijo de puta,MILF,หี,اغتصاب,píchat,,bokkelul,forpisi,kuseksia,chut,faszt,caccati in mano e prenditi a schiaffi,,,کس دادن,kutafon,comer,pizd'uk,pök
bastard,お尻,你妈的,你媽的,götler,섹스,conne,Hijoputa,möpse,เหี้ย,خنثي,pizda,,botergeil,forpisu,kusettaa,chut ke baal,fing,caciocappella,,,کس کردن,kutas,cona,piz`dyulina,runka
bastardo,カーマスートラ,你娘,你娘,götlerde,스와핑,couilles,Idiota,morgenlatte,อมนกเขา,احتلام,prcat,,broekhoesten,furzulo,kusi,chut ke dhakkan,fingok,cadavere,,,کسکش,lizać pałę,consolo,podi ku'evo,röv
bastinado,カント,你娘卡好,你娘卡好,götlerden,쌍놈,cramouille,Imbécil,möse,ไอ้ควาย,نيك,prdel,,brugpieperg,kacen,kusipää,chut maarli,fingokat,cagare,,,کوس,obciągać chuja,corno,poeben,rövhål
bbw,クリトリス,你娘咧,你娘咧,götlere,씨발,cul,infierno,mufti,,متناك,prdelka,,buffelen,kaco,kusta,chutad,fingot,cagata,,,کون,obciągać fiuta,cu,po'imat' na konchik,rövknulla
bdsm,グループ・セックス,你它妈的,你它媽的,götleri,씨발놈,déconne,Jilipollas,muschi,,متناكة,sračka,,buiten de pot piesen,kacsuĉulo,kyrpiintynyt,chutadd,franc,cagna,,,کون دادن,obciągać loda,dar o rabo,po'iti posrat,satan
beaner,グロ,你它马的,你它馬的,götlerin,씨팔,déconner,Kapullo,nackt,,شرموطة,srát,,da's kloten van de bok,kojono,kyrpiintyä,chutan,francok,cammello,,,کون کردن,pieprzyć,dum raio,po khuy,skita
beaners,クンニリングス,你是鸡,你是雞,götte,씹,drague,Lameculos,neger,,عرص,šoustat,,de ballen,piĉen,kyrpiä,chutia,francokat,cappella,,,کونکش,pierdolec,esporra,poluchit pizdy,skit ner dig
beaver cleaver,ゲイ・セックス,你是鸭,你是鴨,götten,씹물,emmerdant,Maciza,nigger,,خول,šulin,,de hoer spelen,piĉo,kyrpä,chutiya,francot,carciofo,,,کونی,pierdolić,fecal,pososi moyu konfetku,skäggbiff
beaver lips,ゲイの男性,你马的,你馬的,götü,씹빨,emmerder,Macizorra,nippel,,قحبة,vypíčenec,,de hond uitlaten,zamenfek,kyrpänaama,gaand,geci,carità,,,کیر,pierdolnięty,filho da puta,prissat,snedfitta
bestiality,ゲイボーイ,做爱,做愛,götün,씹새끼,emmerdeur,maldito,nutte,,لبوة,zkurvit,,de koffer induiken,,kyrvitys,gaandfat,gecibb,casci,,,کیری,pierdoła,foda,proebat,snefitta
big black,ゴールデンシャワー,傻比,傻比,götveren,씹알,emmerdeuse,Mamada,onanieren,,,zkurvysyn,,delg,,lahtari,gaandmasti,gecik,cazzata,,,لاپا,pierdzieć,foda-se,promudobl'adsksya pizdopro'ebina,stake
big breasts,コカイン,傻逼,傻逼,götverende,씹창,enculé,Marica,orgasmus,,,zmrd,,de pijp aan maarten geven,,lutka,gaandufad,geciket,cazzimma,,,لاپایی,pizda,foder,propezdoloch,subba
big knockers,ゴックン,册那,冊那,götverenden,씹팔,enculée,Maricón,pimmel,,,žrát,,de pijp uitgaan,,molo,gandu,gecit,cazzo,,,لاشی,pojeb,frango assado,prosrat,sås
big tits,サディズム,军妓,軍妓,götverene,암캐,enculeur,Mariconazo,pimpern,,,,,dombo,,molopää,gashti,kibaszott,checca,,,لخت,popierdolony,gozar,raspeezdeyi,sätta på
bimbos,しばり,几八,幾八,götvereni,애자,enculeurs,martillo,pinkeln,,,,,draaikontg,,mulkero,gasti,kibaszottabb,chiappa,,,لش,robic loda,grelho,raspizdatyi,tusan
birdlock,スウィンガー,几叭,幾叭,götverenin,야동,enfoiré,Mierda,pissen,,,,,driehoog achter wonen,,mulkku,ghassa,kúr,chiavare,,,منی,robić loda,heroína,raz'yebuy,
bitch,スカートの中,几巴,幾巴,götverenler,야사,enfoirée,Nazi,pisser,,,,,drolg,,mulkvisti,ghasti,kurafi,chiavata,,,هرزه,ruchać,heterosexual,raz'yoba,
bitches,スカトロ,几芭,幾芭,götverenlerde,야애니,étron,Orina,popel,,,,,drooggeiler,,muna,harami,kurafik,ciospo,,,,rzygać,homem gay,s'ebat'sya,
black cock,ストラップオン,刚度,剛度,götverenlerden,엄창,fille de pute,Pedo,poppen,,,,,droogkloot,,munapää,haramzade,kurafikat,ciucciami il cazzo,,,,skurwysyn,homoerótico,shalava,
blonde action,ストリップ劇場,刚瘪三,剛癟三,götverenlere,에로,fils de pute,Pervertido,porno,,,,,een beurt geven,,munaton,hawas,kurafit,coglione,,,,sraczka,homosexual,styervo,
blonde on blonde action,スラット,包皮,包皮,götverenleri,염병,folle,Pezón,reudig,,,,,een nummertje maken,,mutakuono,hawas ke pujari,kurva,coglioni,,,,srać,inferno,sukin syn,
blowjob,スリット,十三点,十三點,götverenlerin,옘병,foutre,Pinche,rosette,,,,,een wip maken,,mutiainen,hijda,kurvák,cornuto,,,,suka,lésbica,svodit posrat,
blow job,セクシーな,卖B,賣B,kaltağa,유모,gerbe,Pis,schabracke,,,,,eikel,,naida,hijra,kurvákat,cozza,,,,syf,lolita,svoloch,
blow your load,セクシーな 10 代,卖比,賣比,kaltağı,육갑,gerber,Prostituta,schlampe,,,,,engerd,,nainti,jhant,kurvát,culattina,,,,wkurwiać,mama,trakhat'sya,
blue waffle,セックス,卖淫,賣淫,kaltağın,은꼴,gouine,Puta,scheiße,,,,,flamoes,,narttu,jhant chaatu,leggecibb,culattone,,,,zajebisty,merda,trimandoblydskiy pizdoproyob,
blumpkin,ソドミー,卵,卵,kaltak,자위,grande folle,Racista,scheisser,,,,,flikken,,neekeri,jhant ke baal,legkibaszottabb,culo,,,,,paneleiro,ubl'yudok,
bollocks,ちんこ,卵子,卵子,kaltaklar,자지,grogniasse,Ramera,schiesser,,,,,flikker,,nekru,jhantu,legszarabb,di merda,,,,,passar um cheque,uboy,
bondage,ディープ・スロート,双峰微颤,雙峰微顫,kaltaklara,잡년,gueule,Sádico,schnackeln,,,,,gadverdamme,,nuolla persettä,kamine,marha,ditalino,,,,,pau,u'ebitsche,
boner,ディック,口交,口交,kaltaklarda,종간나,jouir,Semen,schwanzlutscher,,,,,galbak,,nussia,kaminey,marhák,duro,,,,,peidar,vafl'a,
boob,ディルド,口肯,口肯,kaltaklardan,좆,la putain de ta mère,Sexo,schwuchtel,,,,,gat,,nussija,kanjar,marhákat,fare unaŠ,,,,,pênis,vafli lovit,
boobs,デートレイプ,叫床,叫床,kaltakları,좆만,MALPT,Sexo oral,tittchen,,,,,gedoogzone,,nussinta,kutta,marhát,fava,,,,,pinto,v pizdu,
booty call,デブ,吃屎,吃屎,kaltakların,죽일년,ménage à trois,Soplagaitas,titten,,,,,geilneef,,paljaalla,kutta kamina,megdöglik,femminuccia,,,,,porra,vyperdysh,
brown showers,テレフォンセックス,后庭,後庭,kaltakta,쥐좆,merde,Soplapollas,vögeln,,,,,gesodemieter,,palli,kutte ki aulad,pele,fica,,,,,puta,vzdrochennyi,
brunette action,ドッグスタイル,吹箫,吹簫,kaltaktan,직촬,merdeuse,Tetas grandes,vollpfosten,,,,,godverdomme,,pallit,kutte ki jat,pelék,figa,,,,,puta que pariu,yeb vas,
bukkake,トップレス,塞你公,塞你公,orospu,짱깨,merdeux,Tía buena,wichse,,,,,graftak,,paneskella,kuttiya,picsa,figlio di buona donna,,,,,puta que te pariu,za'ebat,
bulldyke,なめ,塞你娘,塞你娘,orospuda,쪽바리,meuf,Travesti,wichsen,,,,,gras maaien,,panettaa,loda,picsákat,figlio di puttana,,,,,queca,zaebis,
bullet vibe,ニガー,塞你母,塞你母,orospudan,창녀,nègre,Trio,wichser,,,,,gratenkutg,,panna,lodu,picsát,figone,,,,,sacanagem,zalupa,
bullshit,ヌード,塞你爸,塞你爸,orospular,포르노,nique ta mère,Verga,,,,,,greppeldel,,pano,lund,pina,finocchio,,,,,saco,zalupat,
bung hole,ネオ・ナチ,塞你老师,塞你老師,orospulara,하드코어,nique ta race,vete a la mierda,,,,,,griet,,pantava,lund choos,pinák,fottere,,,,,torneira,zasranetc,
bunghole,ハードコア,塞你老母,塞你老母,orospularda,호로,palucher,Vulva,,,,,,hoempert,,paska,lund khajoor,pinákat,fottersi,,,,,transar,zassat,
busty,パイパン,处女,處女,orospulardan,화냥년,pédale,,,,,,,hoer,,paskainen,lundtopi,pinát,fracicone,,,,,vai-te foder,zlo'ebuchy,
butt,バイブレーター,外阴,外陰,orospuları,후레아들,pédé,,,,,,,hoerenbuurt,,paskamainen,lundure,pofa,fregna,,,,,vai tomar no cu,бардак,
buttcheeks,バック・スタイル,大卵子,大卵子,orospuların,후장,péter,,,,,,,hoerenloper,,paskanmarjat,maa ki chut,pofákat,frocio,,,,,veado,бздёнок,
butthole,パンティー,大卵泡,大卵泡,orospunun,희쭈그리,pipi,,,,,,,hoerig,,paskantaa,maal,pofát,froscio,,,,,vibrador,блядки,
camel toe,ビッチ,大鸡巴,大雞巴,orospuya,,pisser,,,,,,,hol,,paskapuhe,madar chod,pöcs,fuori come un balcone,,,,,xana,блядовать,
camgirl,ファック,奶,奶,orospuyu,,pouffiasse,,,,,,,hufter,,paskapää,mooh mein le,pöcsök,goldone,,,,,xochota,блядство,
camslut,ファンタジー,奶奶的熊,奶奶的熊,otuz birci,,pousse-crotte,,,,,,,huisdealer,,paskattaa,mutth,pöcsöket,grilletto,,,,,,блядь,
camwhore,フィスト,奶子,奶子,otuz bircide,,putain,,,,,,,johny,,paskiainen,najayaz,pöcsöt,guanto,,,,,,бугор,
carpet muncher,フェティッシュ,奸,姦,otuz birciden,,pute,,,,,,,kanen,,paskoa,najayaz aulaad,punci,guardone,,,,,,во пизду,
carpetmuncher,フェラチオ,奸你,姦你,otuz birciler,,ramoner,,,,,,,kettingzeugg,,pehko,najayaz paidaish,puncik,incazzarsi,,,,,,встать раком,
chocolate rosebuds,ふたなり,她妈地,她媽地,otuz bircilerde,,sac à merde,,,,,,,klaarkomen,,pentele,paki,segg,incoglionirsi,,,,,,выёбываться,
circlejerk,ぶっかけ,她妈的,她媽的,otuz bircilerden,,salaud,,,,,,,klerebeer,,perkele,pataka,seggek,ingoio,,,,,,гандон,
cleveland steamer,フック,她马的,她馬的,otuz bircilere,,salope,,,,,,,klojo,,perkeleesti,patakha,seggeket,l'arte bolognese,,,,,,говно,
clit,プリンス アルバート ピアス,妈B,媽B,otuz bircileri,,suce,,,,,,,klooien,,persaukinen,raand,segget,leccaculo,,,,,,говнюк,
clitoris,プレイボーイ,妈个B,媽個B,otuz bircilerin,,tapette,,,,,,,klootjesvolk,,perse,randi,seggfej,lecchino,,,,,,голый,
clover clamps,ベアバック,妈个比,媽個比,otuz bircinin,,teuf,,,,,,,klootoog,,perseennuolija,saala,seggfejek,lofare,,,,,,дать пизды,
clusterfuck,ペニス,妈个老比,媽個老比,otuz birciye,,tringler,,,,,,,klootzak,,perseet olalla,saala kutta,seggfejeket,loffa,,,,,,дерьмо,
cock,ペニスバンド,妈妈的,媽媽的,otuz birciyi,,trique,,,,,,,kloten,,persereikä,saali kutti,seggfejet,loffare,,,,,,дрочить,
cocks,ボーイズラブ,妈比,媽比,saksocu,,trou du cul,,,,,,,knor,,perseääliö,saali randi,szajha,lumaca,,,,,,другой дразнится,
coprolagnia,ボールギャグ,妈的,媽的,saksocuda,,turlute,,,,,,,kontg,,persläpi,suar,szajhák,manico,,,,,,ёбарь,
coprophilia,ボールを蹴る,妈的B,媽的B,saksocudan,,veuve,,,,,,,kontneuken,,perspano,suar ki aulad,szajhákat,mannaggia,,,,,,ебать,
cornhole,ぽっちゃり,妈逼,媽逼,saksocular,,zigounette,,,,,,,krentekakker,,persvako,tatte,szajhát,merda,,,,,,ебать-копать,
coon,ホモ,妓,妓,saksoculara,,zizi,,,,,,,kut,,pilkunnussija,tatti,szar,merdata,,,,,,ебло,
coons,ポルノ,妓女,妓女,saksocularda,,,,,,,,,kuttelikkertje,,pillu,teri maa ka bhosada,szarabb,merdoso,,,,,,ебнуть,
creampie,ポルノグラフィー,妓院,妓院,saksoculardan,,,,,,,,,kwakkieg,,pillut,teri maa ka boba chusu,szarik,mignotta,,,,,,ёб твою мать,
cum,ボンテージ,妳她妈的,妳她媽的,saksocuları,,,,,,,,,liefdesgrot,,pipari,teri maa ki chut,szarok,minchia,,,,,,жопа,
cumming,マザー・ファッカー,妳妈的,妳媽的,saksocuların,,,,,,,,,lul,,piru,tharak,szarokat,minchione,,,,,,жополиз,
cunnilingus,マスターベーション,妳娘的,妳娘的,saksocunun,,,,,,,,,lul-de-behanger,,pistää,tharki,szart,mona,,,,,,играть на кожаной флейте,
cunt,まんこ,妳老母的,妳老母的,saksocuya,,,,,,,,,lulhannes,,pyllyvako,,,monta,,,,,,измудохать,
darkie,やおい,妳马的,妳馬的,saksocuyu,,,,,,,,,lummel,,reikä,,,montare,,,,,,каждый дрочит как он хочет,
date rape,やりまん,姘头,姘頭,sıçmak,,,,,,,,,mafketel,,reva,,,mussa,,,,,,какая разница,
daterape,ユダヤ人,姣西,姣西,sik,,,,,,,,,matennaaierg,,ripsipiirakka,,,nave scuola,,,,,,как два пальца обоссать,
deep throat,ラティーナ,姦,姦,sike,,,,,,,,,matje,,runkata,,,nerchia,,,,,,курите мою трубку,
deepthroat,ラバー,娘个比,娘個比,siker sikmez,,,,,,,,,mof,,runkkari,,,nudo,,,,,,лысого в кулаке гонять,
dendrophilia,ランジェリー,娘的,娘的,siki,,,,,,,,,mutsg,,runkkaus,,,padulo,,,,,,малофя,
dick,レイプ,婊子,婊子,sikilir sikilmez,,,,,,,,,naaien,,runkku,,,palle,,,,,,манда,
dildo,レズビアン,婊子养的,婊子養的,sikin,,,,,,,,,naakt,,ryssä,,,palloso,,,,,,мандавошка,
dingleberry,ローター,嫖娼,嫖娼,sikler,,,,,,,,,neuken,,rättipää,,,patacca,,,,,,мент,
dingleberries,ロリータ,嫖客,嫖客,siklerde,,,,,,,,,neukstier,,saatanasti,,,patonza,,,,,,муда,
dirty pillows,淫乱,它妈地,它媽地,siklerden,,,,,,,,,nicht,,suklaaosasto,,,pecorina,,,,,,мудило,
dirty sanchez,陰毛,它妈的,它媽的,siklere,,,,,,,,,oetlul,,tavara,,,pesce,,,,,,мудозмон,
doggie style,革抑制,密洞,密洞,sikleri,,,,,,,,,opgeilen,,toosa,,,picio,,,,,,наебать,
doggiestyle,騎上位,射你,射你,siklerin,,,,,,,,,opkankeren,,tuhkaluukku,,,pincare,,,,,,наебениться,
doggy style,巨根,射精,射精,sikmek,,,,,,,,,oprotten,,tumputtaa,,,pipa,,,,,,наебнуться,
doggystyle,巨乳,小乳头,小乳頭,sikmemek,,,,,,,,,opsodemieteren,,turpasauna,,,pipì,,,,,,на фиг,
dog style,強姦犯,小卵子,小卵子,sikte,,,,,,,,,op z'n hondjes,,tussu,,,pippone,,,,,,на хуй,
dolcett,玉なめ,小卵泡,小卵泡,sikten,,,,,,,,,op z'n sodemieter geven,,tussukka,,,pirla,,,,,,на хую вертеть,
domination,玉舐め,小瘪三,小癟三,siktir,,,,,,,,,opzouten,,tussut,,,pisciare,,,,,,на хуя,
dominatrix,緊縛,小肉粒,小肉粒,siktirir siktirmez,,,,,,,,,ouwehoer,,vakipano,,,piscio,,,,,,нахуячиться,
dommes,近親相姦,小骚比,小騷比,taşağa,,,,,,,,,ouwehoeren,,vetää käteen,,,pisello,,,,,,невебенный,
donkey punch,嫌い,小骚货,小騷貨,taşağı,,,,,,,,,ouwe rukker,,viiksi,,,pistola,,,,,,не ебет,
double dong,後背位,小鸡巴,小雞巴,taşağın,,,,,,,,,paal,,vittu,,,pistolotto,,,,,,ни за хуй собачу,
double penetration,合意の性交,小鸡鸡,小雞雞,taşak,,,,,,,,,paardelul,,vittuilla,,,pomiciare,,,,,,ни хуя,
dp action,拷問,屁眼,屁眼,taşaklar,,,,,,,,,palen,,vittuilu,,,pompa,,,,,,обнаженный,
dry hump,殺し方,屁股,屁股,taşaklara,,,,,,,,,penozeg,,vittumainen,,,pompino,,,,,,обоссаться можно,
dvda,殺人事件,屄,屄,taşaklarda,,,,,,,,,piesen,,vittuuntua,,,porca,,,,,,один ебётся,
eat my ass,殺人方法,屌,屌,taşaklardan,,,,,,,,,pijpbekkieg,,vittuuntunut,,,porca madonna,,,,,,опесдол,
ecchi,支配,巨乳,巨乳,taşakları,,,,,,,,,pijpen,,vitun,,,porca miseria,,,,,,офигеть,
ejaculation,児童性虐待,干x娘,幹x娘,taşakların,,,,,,,,,pik,,vitusti,,,porca puttana,,,,,,охуеть,
erotic,自己愛性,干七八,幹七八,taşakta,,,,,,,,,pleurislaaier,,vituttaa,,,porco due,,,,,,охуйтельно,
erotism,射精,干你,幹你,taşaktan,,,,,,,,,poep,,vitutus,,,porco zio,,,,,,половое сношение,
escort,手コキ,干你妈,幹你媽,yarağa,,,,,,,,,poepen,,äpärä,,,potta,,,,,,секс,
eunuch,獣姦,干你娘,幹你娘,yarağı,,,,,,,,,poot,,,,,puppami,,,,,,сиски,
faggot,女の子,干你老母,幹你老母,yarağın,,,,,,,,,portiekslet,,,,,puttana,,,,,,спиздить,
fecal,女王様,干你良,幹你良,yarak,,,,,,,,,pot,,,,,quaglia,,,,,,срать,
felch,女子高生,干妳妈,幹妳媽,yaraklar,,,,,,,,,potverdorie,,,,,recchione,,,,,,ссать,
fellatio,女装,干妳娘,幹妳娘,yaraklara,,,,,,,,,publiciteitsgeil,,,,,regina,,,,,,траxать,
feltch,新しいポルノ,干妳老母,幹妳老母,yaraklarda,,,,,,,,,raaskallen,,,,,rincoglionire,,,,,,ты мне ваньку не валяй,
female squirting,人妻,干妳马,幹妳馬,yaraklardan,,,,,,,,,reet,,,,,rizzarsi,,,,,,фига,
femdom,人種,干您娘,幹您娘,yarakları,,,,,,,,,reetridder,,,,,rompiballe,,,,,,хапать,
figging,性交,干机掰,乾機掰,yarakların,,,,,,,,,"reet trappen, voor zijn",,,,,ruffiano,,,,,,хер с ней,
fingerbang,正常位,干死CS,幹死CS,yarakta,,,,,,,,,remsporeng,,,,,sbattere,,,,,,хер с ним,
fingering,生殖器,干死GM,幹死GM,yaraktan,,,,,,,,,reutelen,,,,,sbattersi,,,,,,хохол,
fisting,精液,干死你,幹死你,,,,,,,,,,rothoer,,,,,sborra,,,,,,хрен,
foot fetish,挿入,干死客服,幹死客服,,,,,,,,,,rotzak,,,,,sborrata,,,,,,хуёво,
footjob,足フェチ,幹,幹,,,,,,,,,,rukhond,,,,,sborrone,,,,,,хуёвый,
frotting,足を広げる,强奸,強姦,,,,,,,,,,rukken,,,,,sbrodolata,,,,,,хуем груши околачивать,
fuck,大陰唇,强奸你,強姦你,,,,,,,,,,schatje,,,,,scopare,,,,,,хуеплет,
fuck buttons,脱衣,性,性,,,,,,,,,,schijt,,,,,scopata,,,,,,хуило,
fuckin,茶色のシャワー,性交,性交,,,,,,,,,,schijten,,,,,scorreggiare,,,,,,хуиней страдать,
fucking,中出し,性器,性器,,,,,,,,,,schoft,,,,,sega,,,,,,хуиня,
fucktards,潮吹き女,性无能,性無能,,,,,,,,,,schuinsmarcheerder,,,,,slinguare,,,,,,хуй,
fudge packer,潮吹き男性,性爱,性愛,,,,,,,,,,shit,,,,,slinguata,,,,,,хуйнуть,
fudgepacker,直腸,情色,情色,,,,,,,,,,slempen,,,,,smandrappata,,,,,,хуй пинать,
futanari,剃毛,想上你,想上你,,,,,,,,,,sletg,,,,,soccia,,,,,,,
gang bang,貞操帯,懆您妈,懆您媽,,,,,,,,,,sletterig,,,,,socmel,,,,,,,
gay sex,奴隷,懆您娘,懆您娘,,,,,,,,,,slik mijn zaad,,,,,sorca,,,,,,,
genitals,二穴,懒8,懶8,,,,,,,,,,snolg,,,,,spagnola,,,,,,,
giant cock,乳首,懒八,懶八,,,,,,,,,,spuiten,,,,,spompinare,,,,,,,
girl on,尿道プレイ,懒叫,懶叫,,,,,,,,,,standje,,,,,sticchio,,,,,,,
girl on top,覗き,懒教,懶教,,,,,,,,,,standje-69g,,,,,stronza,,,,,,,
girls gone wild,売春婦,成人,成人,,,,,,,,,,stoephoer,,,,,stronzata,,,,,,,
goatcx,縛り,我操你祖宗十八代,我操你祖宗十八代,,,,,,,,,,stootje,,,,,stronzo,,,,,,,
goatse,噴出,扒光,扒光,,,,,,,,,,strontg,,,,,succhiami,,,,,,,
god damn,糞,打炮,打炮,,,,,,,,,,sufferdg,,,,,sveltina,,,,,,,
gokkun,糞尿愛好症,打飞机,打飛機,,,,,,,,,,tapijtnek,,,,,sverginare,,,,,,,
golden shower,糞便,抽插,抽插,,,,,,,,,,teefg,,,,,tarzanello,,,,,,,
goodpoop,平手打ち,招妓,招妓,,,,,,,,,,temeier,,,,,terrone,,,,,,,
goo girl,変態,插你,插你,,,,,,,,,,teringlijer,,,,,testa di cazzo,,,,,,,
goregasm,勃起する,插死你,插死你,,,,,,,,,,toeter,,,,,tette,,,,,,,
grope,夢精,撒尿,撒尿,,,,,,,,,,tongzoeng,,,,,tirare,,,,,,,
group sex,毛深い,操你,操你,,,,,,,,,,triootjeg,,,,,topa,,,,,,,
g-spot,誘惑,操你全家,操你全家,,,,,,,,,,trottoir prostituée,,,,,troia,,,,,,,
guro,幼児,操你奶奶,操你奶奶,,,,,,,,,,trottoirteef,,,,,trombare,,,,,,,
hand job,幼児性愛者,操你妈,操你媽,,,,,,,,,,vergallen,,,,,uccello,,,,,,,
handjob,裸,操你娘,操你娘,,,,,,,,,,verkloten,,,,,vacca,,,,,,,
hard core,裸の女性,操你祖宗,操你祖宗,,,,,,,,,,verneuken,,,,,vaffanculo,,,,,,,
hardcore,乱交,操你老妈,操你老媽,,,,,,,,,,viespeuk,,,,,vangare,,,,,,,
hentai,両性,操你老母,操你老母,,,,,,,,,,vingeren,,,,,venire,,,,,,,
homoerotic,両性具有,操妳,操妳,,,,,,,,,,vleesroos,,,,,zinne,,,,,,,
honkey,両刀,操妳全家,操妳全家,,,,,,,,,,voor jan lul,,,,,zio cantante,,,,,,,
hooker,輪姦,操妳妈,操妳媽,,,,,,,,,,voor jan-met-de-korte-achternaam,,,,,zoccola,,,,,,,
hot carl,卍,操妳娘,操妳娘,,,,,,,,,,watje,,,,,,,,,,,,
hot chick,宦官,操妳祖宗,操妳祖宗,,,,,,,,,,welzijnsmafia,,,,,,,,,,,,
how to kill,肛門,操机掰,操機掰,,,,,,,,,,wijf,,,,,,,,,,,,
how to murder,膣,操比,操比,,,,,,,,,,wippen,,,,,,,,,,,,
huge fat,,操逼,操逼,,,,,,,,,,wuftje,,,,,,,,,,,,
humping,,放荡,放蕩,,,,,,,,,,zaadje,,,,,,,,,,,,
incest,,日他娘,日他娘,,,,,,,,,,zakkenwasser,,,,,,,,,,,,
intercourse,,日你,日你,,,,,,,,,,zeiken,,,,,,,,,,,,
jack off,,日你妈,日你媽,,,,,,,,,,zeiker,,,,,,,,,,,,
jail bait,,日你老娘,日你老娘,,,,,,,,,,zuigen,,,,,,,,,,,,
jailbait,,日你老母,日你老母,,,,,,,,,,zuiplap,,,,,,,,,,,,
jelly donut,,日批,日批,,,,,,,,,,,,,,,,,,,,,,
jerk off,,月经,月經,,,,,,,,,,,,,,,,,,,,,,
jigaboo,,机八,機八,,,,,,,,,,,,,,,,,,,,,,
jiggaboo,,机巴,機巴,,,,,,,,,,,,,,,,,,,,,,
jiggerboo,,机机歪歪,機機歪歪,,,,,,,,,,,,,,,,,,,,,,
jizz,,杂种,雜種,,,,,,,,,,,,,,,,,,,,,,
juggs,,浪叫,浪叫,,,,,,,,,,,,,,,,,,,,,,
kike,,淫,淫,,,,,,,,,,,,,,,,,,,,,,
kinbaku,,淫乱,淫亂,,,,,,,,,,,,,,,,,,,,,,
kinkster,,淫妇,淫婦,,,,,,,,,,,,,,,,,,,,,,
kinky,,淫棍,淫棍,,,,,,,,,,,,,,,,,,,,,,
knobbing,,淫水,淫水,,,,,,,,,,,,,,,,,,,,,,
leather restraint,,淫秽,淫穢,,,,,,,,,,,,,,,,,,,,,,
leather straight jacket,,淫荡,淫蕩,,,,,,,,,,,,,,,,,,,,,,
lemon party,,淫西,淫西,,,,,,,,,,,,,,,,,,,,,,
lolita,,湿透的内裤,濕透的內褲,,,,,,,,,,,,,,,,,,,,,,
lovemaking,,激情,激情,,,,,,,,,,,,,,,,,,,,,,
make me come,,灨你娘,灨你娘,,,,,,,,,,,,,,,,,,,,,,
male squirting,,烂货,爛貨,,,,,,,,,,,,,,,,,,,,,,
masturbate,,烂逼,爛逼,,,,,,,,,,,,,,,,,,,,,,
menage a trois,,爛,爛,,,,,,,,,,,,,,,,,,,,,,
milf,,狗屁,狗屁,,,,,,,,,,,,,,,,,,,,,,
missionary position,,狗日,狗日,,,,,,,,,,,,,,,,,,,,,,
motherfucker,,狗狼养的,狗狼養的,,,,,,,,,,,,,,,,,,,,,,
mound of venus,,玉杵,玉杵,,,,,,,,,,,,,,,,,,,,,,
mr hands,,王八蛋,王八蛋,,,,,,,,,,,,,,,,,,,,,,
muff diver,,瓜娃子,瓜娃子,,,,,,,,,,,,,,,,,,,,,,
muffdiving,,瓜婆娘,瓜婆娘,,,,,,,,,,,,,,,,,,,,,,
nambla,,瓜批,瓜批,,,,,,,,,,,,,,,,,,,,,,
nawashi,,瘪三,癟三,,,,,,,,,,,,,,,,,,,,,,
negro,,白烂,白爛,,,,,,,,,,,,,,,,,,,,,,
neonazi,,白痴,白痴,,,,,,,,,,,,,,,,,,,,,,
nigga,,白癡,白癡,,,,,,,,,,,,,,,,,,,,,,
nigger,,祖宗,祖宗,,,,,,,,,,,,,,,,,,,,,,
nig nog,,私服,私服,,,,,,,,,,,,,,,,,,,,,,
nimphomania,,笨蛋,笨蛋,,,,,,,,,,,,,,,,,,,,,,
nipple,,精子,精子,,,,,,,,,,,,,,,,,,,,,,
nipples,,老二,老二,,,,,,,,,,,,,,,,,,,,,,
nsfw images,,老味,老味,,,,,,,,,,,,,,,,,,,,,,
nude,,老母,老母,,,,,,,,,,,,,,,,,,,,,,
nudity,,老瘪三,老癟三,,,,,,,,,,,,,,,,,,,,,,
nympho,,老骚比,老騷比,,,,,,,,,,,,,,,,,,,,,,
nymphomania,,老骚货,老騷貨,,,,,,,,,,,,,,,,,,,,,,
octopussy,,肉壁,肉壁,,,,,,,,,,,,,,,,,,,,,,
omorashi,,肉棍子,肉棍子,,,,,,,,,,,,,,,,,,,,,,
one cup two girls,,肉棒,肉棒,,,,,,,,,,,,,,,,,,,,,,
one guy one jar,,肉缝,肉縫,,,,,,,,,,,,,,,,,,,,,,
orgasm,,肏,肏,,,,,,,,,,,,,,,,,,,,,,
orgy,,肛交,肛交,,,,,,,,,,,,,,,,,,,,,,
paedophile,,肥西,肥西,,,,,,,,,,,,,,,,,,,,,,
paki,,色情,色情,,,,,,,,,,,,,,,,,,,,,,
panties,,花柳,花柳,,,,,,,,,,,,,,,,,,,,,,
panty,,荡妇,蕩婦,,,,,,,,,,,,,,,,,,,,,,
pedobear,,賤,賤,,,,,,,,,,,,,,,,,,,,,,
pedophile,,贝肉,貝肉,,,,,,,,,,,,,,,,,,,,,,
pegging,,贱B,賤B,,,,,,,,,,,,,,,,,,,,,,
penis,,贱人,賤人,,,,,,,,,,,,,,,,,,,,,,
phone sex,,贱货,賤貨,,,,,,,,,,,,,,,,,,,,,,
piece of shit,,贼你妈,賊你媽,,,,,,,,,,,,,,,,,,,,,,
pissing,,赛你老母,賽你老母,,,,,,,,,,,,,,,,,,,,,,
piss pig,,赛妳阿母,賽妳阿母,,,,,,,,,,,,,,,,,,,,,,
pisspig,,赣您娘,贛您娘,,,,,,,,,,,,,,,,,,,,,,
playboy,,轮奸,輪姦,,,,,,,,,,,,,,,,,,,,,,
pleasure chest,,迷药,迷藥,,,,,,,,,,,,,,,,,,,,,,
pole smoker,,逼,逼,,,,,,,,,,,,,,,,,,,,,,
ponyplay,,逼样,逼樣,,,,,,,,,,,,,,,,,,,,,,
poof,,野鸡,野雞,,,,,,,,,,,,,,,,,,,,,,
poon,,阳具,陽具,,,,,,,,,,,,,,,,,,,,,,
poontang,,阳萎,陽萎,,,,,,,,,,,,,,,,,,,,,,
punany,,阴唇,陰唇,,,,,,,,,,,,,,,,,,,,,,
poop chute,,阴户,陰戶,,,,,,,,,,,,,,,,,,,,,,
poopchute,,阴核,陰核,,,,,,,,,,,,,,,,,,,,,,
porn,,阴毛,陰毛,,,,,,,,,,,,,,,,,,,,,,
porno,,阴茎,陰莖,,,,,,,,,,,,,,,,,,,,,,
pornography,,阴道,陰道,,,,,,,,,,,,,,,,,,,,,,
prince albert piercing,,阴部,陰部,,,,,,,,,,,,,,,,,,,,,,
pthc,,雞巴,雞巴,,,,,,,,,,,,,,,,,,,,,,
pubes,,靠北,靠北,,,,,,,,,,,,,,,,,,,,,,
pussy,,靠母,靠母,,,,,,,,,,,,,,,,,,,,,,
queaf,,靠爸,靠爸,,,,,,,,,,,,,,,,,,,,,,
queef,,靠背,靠背,,,,,,,,,,,,,,,,,,,,,,
quim,,靠腰,靠腰,,,,,,,,,,,,,,,,,,,,,,
raghead,,驶你公,駛你公,,,,,,,,,,,,,,,,,,,,,,
raging boner,,驶你娘,駛你娘,,,,,,,,,,,,,,,,,,,,,,
rape,,驶你母,駛你母,,,,,,,,,,,,,,,,,,,,,,
raping,,驶你爸,駛你爸,,,,,,,,,,,,,,,,,,,,,,
rapist,,驶你老师,駛你老師,,,,,,,,,,,,,,,,,,,,,,
rectum,,驶你老母,駛你老母,,,,,,,,,,,,,,,,,,,,,,
reverse cowgirl,,骚比,騷比,,,,,,,,,,,,,,,,,,,,,,
rimjob,,骚货,騷貨,,,,,,,,,,,,,,,,,,,,,,
rimming,,骚逼,騷逼,,,,,,,,,,,,,,,,,,,,,,
rosy palm,,鬼公,鬼公,,,,,,,,,,,,,,,,,,,,,,
rosy palm and her 5 sisters,,鸡8,雞8,,,,,,,,,,,,,,,,,,,,,,
rusty trombone,,鸡八,雞八,,,,,,,,,,,,,,,,,,,,,,
sadism,,鸡叭,雞叭,,,,,,,,,,,,,,,,,,,,,,
santorum,,鸡吧,雞吧,,,,,,,,,,,,,,,,,,,,,,
scat,,鸡奸,雞姦,,,,,,,,,,,,,,,,,,,,,,
schlong,,鸡巴,雞巴,,,,,,,,,,,,,,,,,,,,,,
scissoring,,鸡芭,雞芭,,,,,,,,,,,,,,,,,,,,,,
semen,,鸡鸡,雞雞,,,,,,,,,,,,,,,,,,,,,,
sex,,龟儿子,龜兒子,,,,,,,,,,,,,,,,,,,,,,
sexo,,龟头,龜頭,,,,,,,,,,,,,,,,,,,,,,
sexy,,,,,,,,,,,,,,,,,,,,,,,,,
shaved beaver,,,,,,,,,,,,,,,,,,,,,,,,,
shaved pussy,,,,,,,,,,,,,,,,,,,,,,,,,
shemale,,,,,,,,,,,,,,,,,,,,,,,,,
shibari,,,,,,,,,,,,,,,,,,,,,,,,,
shit,,,,,,,,,,,,,,,,,,,,,,,,,
shitblimp,,,,,,,,,,,,,,,,,,,,,,,,,
shitty,,,,,,,,,,,,,,,,,,,,,,,,,
shota,,,,,,,,,,,,,,,,,,,,,,,,,
shrimping,,,,,,,,,,,,,,,,,,,,,,,,,
skeet,,,,,,,,,,,,,,,,,,,,,,,,,
slanteye,,,,,,,,,,,,,,,,,,,,,,,,,
slut,,,,,,,,,,,,,,,,,,,,,,,,,
s&m,,,,,,,,,,,,,,,,,,,,,,,,,
smut,,,,,,,,,,,,,,,,,,,,,,,,,
snatch,,,,,,,,,,,,,,,,,,,,,,,,,
snowballing,,,,,,,,,,,,,,,,,,,,,,,,,
sodomize,,,,,,,,,,,,,,,,,,,,,,,,,
sodomy,,,,,,,,,,,,,,,,,,,,,,,,,
spic,,,,,,,,,,,,,,,,,,,,,,,,,
splooge,,,,,,,,,,,,,,,,,,,,,,,,,
splooge moose,,,,,,,,,,,,,,,,,,,,,,,,,
spooge,,,,,,,,,,,,,,,,,,,,,,,,,
spread legs,,,,,,,,,,,,,,,,,,,,,,,,,
spunk,,,,,,,,,,,,,,,,,,,,,,,,,
strap on,,,,,,,,,,,,,,,,,,,,,,,,,
strapon,,,,,,,,,,,,,,,,,,,,,,,,,
strappado,,,,,,,,,,,,,,,,,,,,,,,,,
strip club,,,,,,,,,,,,,,,,,,,,,,,,,
style doggy,,,,,,,,,,,,,,,,,,,,,,,,,
suck,,,,,,,,,,,,,,,,,,,,,,,,,
sucks,,,,,,,,,,,,,,,,,,,,,,,,,
suicide girls,,,,,,,,,,,,,,,,,,,,,,,,,
sultry women,,,,,,,,,,,,,,,,,,,,,,,,,
swastika,,,,,,,,,,,,,,,,,,,,,,,,,
swinger,,,,,,,,,,,,,,,,,,,,,,,,,
tainted love,,,,,,,,,,,,,,,,,,,,,,,,,
taste my,,,,,,,,,,,,,,,,,,,,,,,,,
tea bagging,,,,,,,,,,,,,,,,,,,,,,,,,
threesome,,,,,,,,,,,,,,,,,,,,,,,,,
throating,,,,,,,,,,,,,,,,,,,,,,,,,
tied up,,,,,,,,,,,,,,,,,,,,,,,,,
tight white,,,,,,,,,,,,,,,,,,,,,,,,,
tit,,,,,,,,,,,,,,,,,,,,,,,,,
tits,,,,,,,,,,,,,,,,,,,,,,,,,
titties,,,,,,,,,,,,,,,,,,,,,,,,,
titty,,,,,,,,,,,,,,,,,,,,,,,,,
tongue in a,,,,,,,,,,,,,,,,,,,,,,,,,
topless,,,,,,,,,,,,,,,,,,,,,,,,,
tosser,,,,,,,,,,,,,,,,,,,,,,,,,
towelhead,,,,,,,,,,,,,,,,,,,,,,,,,
tranny,,,,,,,,,,,,,,,,,,,,,,,,,
tribadism,,,,,,,,,,,,,,,,,,,,,,,,,
tub girl,,,,,,,,,,,,,,,,,,,,,,,,,
tubgirl,,,,,,,,,,,,,,,,,,,,,,,,,
tushy,,,,,,,,,,,,,,,,,,,,,,,,,
twat,,,,,,,,,,,,,,,,,,,,,,,,,
twink,,,,,,,,,,,,,,,,,,,,,,,,,
twinkie,,,,,,,,,,,,,,,,,,,,,,,,,
two girls one cup,,,,,,,,,,,,,,,,,,,,,,,,,
undressing,,,,,,,,,,,,,,,,,,,,,,,,,
upskirt,,,,,,,,,,,,,,,,,,,,,,,,,
urethra play,,,,,,,,,,,,,,,,,,,,,,,,,
urophilia,,,,,,,,,,,,,,,,,,,,,,,,,
vagina,,,,,,,,,,,,,,,,,,,,,,,,,
venus mound,,,,,,,,,,,,,,,,,,,,,,,,,
vibrator,,,,,,,,,,,,,,,,,,,,,,,,,
violet wand,,,,,,,,,,,,,,,,,,,,,,,,,
vorarephilia,,,,,,,,,,,,,,,,,,,,,,,,,
voyeur,,,,,,,,,,,,,,,,,,,,,,,,,
vulva,,,,,,,,,,,,,,,,,,,,,,,,,
wank,,,,,,,,,,,,,,,,,,,,,,,,,
wetback,,,,,,,,,,,,,,,,,,,,,,,,,
wet dream,,,,,,,,,,,,,,,,,,,,,,,,,
white power,,,,,,,,,,,,,,,,,,,,,,,,,
wrapping men,,,,,,,,,,,,,,,,,,,,,,,,,
wrinkled starfish,,,,,,,,,,,,,,,,,,,,,,,,,
xx,,,,,,,,,,,,,,,,,,,,,,,,,
xxx,,,,,,,,,,,,,,,,,,,,,,,,,
yaoi,,,,,,,,,,,,,,,,,,,,,,,,,
yellow showers,,,,,,,,,,,,,,,,,,,,,,,,,
yiffy,,,,,,,,,,,,,,,,,,,,,,,,,
zoophilia,,,,,,,,,,,,,,,,,,,,,,,,,